msan_code,msan_hostname,subscribers,average_critical_time(min),average_warning_time(min),reason,latitude,longitude,noor_sub,etisilat_sub,orange_sub,voda_sub,total_voice_sub,bitstream_data_sub,we_data_sub,downstream_list,isp_list,bitstream_count
07-4-381-905,DRBNGM-G01Z-SHR-EG,3452,780,820,msan,0.00000000,0.00000000,0.00,400.00,152.00,168.00,3452.00,720.00,2658.00,-,-,-
02-3-21-850,TEBIN-G01Z-C-EG,3705,180,385,msan,29.75435000,31.28422000,-,-,-,-,-,-,-,-,-,-
09-3-18-52,KRDWCB32-M01H-BH-EG,1213,241,498,msan,31.16735000,30.06993000,0.00,13.00,23.00,40.00,951.00,76.00,846.00,-,-,-
10-1-09-01,MGHAGHC1-M01H-MN-EG,229,541,598,msan,28.63157000,30.82508000,0.00,2.00,27.00,30.00,229.00,59.00,164.00,-,-,-
09-2-13-81,HAMOUL81-M01H-KFS-EG,308,101,181,msan,31.29475000,31.16044000,0.00,5.00,0.00,12.00,308.00,17.00,272.00,-,-,-
09-3-282-20,JNKLIS20-M01Z-BH-EG,286,0,80,msan,30.82109000,30.11333000,1.00,5.00,3.00,8.00,286.00,17.00,255.00,-,-,-
02-3-21-06,TBNCB18-M01H-C-EG,1324,802,861,msan,29.81480000,31.30217000,-,-,-,-,-,-,-,-,-,-
07-2-400-12,MTSALS12-M01H-DK-EG,1978,81,198,msan,31.16708000,31.80337000,0.00,102.00,5.00,25.00,1022.00,132.00,815.00,5120,TECorporat,1
08-1-06-851,MAHALA2-G02Z-GH-EG,765,120,202,msan,31.14957000,30.96000000,0.00,12.00,38.00,26.00,765.00,76.00,657.00,-,-,-
02-1-01-511,SHLQNC11-M01H-C-EG,1440,640,721,msan,30.18881000,31.16490000,0.00,45.00,32.00,90.00,960.00,167.00,746.00,-,-,-
13-2-107-850,MASAED-G01H-SIN-EG,2053,36,181,msan,31.11773000,33.72219000,0.00,18.00,49.00,14.00,2053.00,81.00,1898.00,1024,TEData,1
08-1-267-04,KFSHSLCB-M01H-GH-EG,1743,81,161,msan,30.73689000,30.97362000,0.00,18.00,210.00,46.00,895.00,274.00,552.00,256,Vodafon,1
09-2-17-850,MOTOBS-G02H-KFS-EG,2371,0,80,msan,30.53213750,31.32408690,0.00,15.00,383.00,69.00,2371.00,467.00,1834.00,-,-,-
01-2-08-951,HLPLS-G04H-C-EG,1688,379,478,msan,30.12790760,31.31219280,0.00,25.00,33.00,115.00,1688.00,173.00,1483.00,-,-,-
02-3-28-134,MAD2C134-M01H-C-EG,1948,680,740,msan,29.97347000,31.33190000,1.00,54.00,43.00,127.00,1023.00,225.00,742.00,-,-,-
09-2-08-128,KAFSC128-M01H-KFS-EG,812,199,362,msan,31.08498000,30.94877000,0.00,16.00,17.00,36.00,812.00,69.00,705.00,-,-,-
04-3-24-39,MRUTCB39-M01H-C-EG,937,255,579,msan,29.98010000,31.16154000,-,-,-,-,-,-,-,-,-,-
08-1-15-70,KAFREC70-M01Z-GH-EG,940,181,220,msan,30.81194000,30.83751000,3.00,41.00,50.00,65.00,940.00,159.00,721.00,4096,TEData,1
01-3-15-20,BRNCMD-G01A-C-EG,1533,440,560,msan,29.98358000,31.33884000,0.00,3.00,5.00,21.00,1533.00,29.00,1406.00,-,-,-
02-3-62-55,HDYKHC55-M01N-C-EG,1126,458,497,msan,29.87958000,31.28990000,-,-,-,-,-,-,-,-,-,-
07-2-292-01,HOUTACB1-M01H-DK-EG,1390,0,59,msan,31.15772000,31.97237000,0.00,42.00,29.00,70.00,1011.00,141.00,844.00,-,-,-
04-4-33-867,SUKGMLA-G17H-GZ-EG,1241,479,717,msan,29.93110000,30.98996000,-,-,-,-,-,-,-,-,-,-
10-2-39-951,SODS-G02H-BNS-EG,1144,120,341,msan,28.90189000,30.94084000,0.00,10.00,14.00,37.00,1144.00,61.00,1044.00,-,-,-
05-1-04-22,HADRAC22-M01H-ALX-EG,1771,41,100,msan,31.19543000,29.93304000,1.00,26.00,15.00,90.00,791.00,132.00,575.00,4096; 4096,TEData; TEData,2
08-1-248-07,METHBEB7-M01Z-GH-EG,1250,83,267,msan,30.88192000,31.21311000,0.00,79.00,63.00,87.00,1021.00,229.00,688.00,-,-,-
02-1-02-948,SHBRMSR-G01Z-C-EG,1018,196,357,msan,0.00000000,0.00000000,0.00,0.00,0.00,0.00,1018.00,0.00,1015.00,-,-,-
01-2-06-02,KOBAC62-M01H-C-EG,1261,200,280,msan,30.09486000,31.28394000,0.00,12.00,3.00,21.00,245.00,36.00,131.00,-,-,-
07-1-295-55,METAML55-M01H-DK-EG,895,59,160,msan,30.89697060,31.34884660,0.00,26.00,59.00,28.00,895.00,113.00,751.00,-,-,-
11-2-11-854,ASYUTE-G01H-AST-EG,1673,380,540,msan,27.11537000,31.10650000,0.00,28.00,12.00,59.00,1673.00,99.00,1538.00,-,-,-
07-2-400-14,MTSLIL14-M01H-DK-EG,1492,0,139,msan,31.16872000,31.80561000,0.00,92.00,3.00,19.00,943.00,114.00,760.00,-,-,-
02-3-28-125,MAD2C125-M01N-C-EG,1360,462,662,msan,29.98517000,31.26301000,0.00,53.00,24.00,127.00,575.00,204.00,339.00,-,-,-
10-1-09-19,MGHAGH19-M01H-MN-EG,908,219,741,msan,28.65294000,30.84632000,0.00,25.00,6.00,99.00,908.00,130.00,701.00,-,-,-
02-3-28-129,MAD2C129-M01N-C-EG,1293,322,620,msan,29.98754000,31.26994000,1.00,56.00,32.00,113.00,576.00,202.00,305.00,-,-,-
10-3-24-61,EBSHWY61-M01Z-FYM-EG,488,120,342,msan,29.34165000,30.72211000,0.00,9.00,10.00,35.00,488.00,54.00,412.00,-,-,-
04-4-27-108,OC2C108-M01H-GZ-EG,872,121,519,msan,29.94318000,30.92629000,-,-,-,-,-,-,-,-,-,-
09-1-03-951,KMHMADA-G01H-BH-EG,410,18,140,msan,30.70837000,30.76206000,0.00,8.00,4.00,22.00,410.00,34.00,360.00,-,-,-
03-3-20-56,MRG1C56-M01H-C-EG,2026,0,199,msan,30.15469000,31.31137000,-,-,-,-,-,-,-,-,-,-
10-2-17-26,SMESTA26-M01Z-BNS-EG,838,119,340,msan,28.91842000,30.84830000,0.00,20.00,26.00,24.00,838.00,70.00,739.00,-,-,-
03-1-10-137,SHK2C137-M01H-C-EG,754,0,421,msan,30.16787000,31.63165000,-,-,-,-,-,-,-,-,-,-
10-3-24-05,EBSHC5-M01H-FYM-EG,1241,178,342,msan,29.38731000,30.70617000,0.00,83.00,20.00,25.00,771.00,128.00,614.00,-,-,-
10-1-05-58,MALWYC58-M01H-MN-EG,1006,181,240,msan,27.73053000,30.83846000,0.00,44.00,56.00,98.00,1006.00,198.00,732.00,-,-,-
02-3-28-21,MAD2CB21-M01H-C-EG,2106,1058,1119,msan,29.98082000,31.32361000,0.00,29.00,22.00,94.00,1464.00,145.00,1237.00,2048; 2048; 4096; 4096; 10240,NOL; NOL; TEData; TEData; Vodafon,5
10-1-219-26,MNKATN26-M01H-MN-EG,92,163,399,msan,28.36248000,30.69094000,0.00,0.00,1.00,4.00,92.00,5.00,84.00,-,-,-
09-3-31-01,ADFNC1-M01H-BH-EG,1180,1,162,msan,31.29857000,30.47483000,0.00,13.00,33.00,17.00,862.00,63.00,776.00,2048,TEData,1
10-2-107-851,SAFTSN-G01H-BNS-EG,813,296,476,msan,28.96159580,30.95210120,0.00,1.00,0.00,44.00,813.00,45.00,762.00,-,-,-
02-2-18-18,QALAAC18-M01H-C-EG,1411,0,257,msan,30.04168000,31.25939000,0.00,53.00,18.00,135.00,1017.00,206.00,683.00,-,-,-
11-2-18-21,MNSHKO21-M01Z-AST-EG,879,0,405,msan,27.38085000,30.77553000,0.00,23.00,50.00,160.00,879.00,233.00,606.00,-,-,-
04-2-82-74,OMRNIH74-M01Z-GZ-EG,884,123,223,msan,29.99135000,31.18122000,0.00,44.00,37.00,115.00,884.00,196.00,633.00,-,-,-
07-1-423-07,BRQENC7-M01H-DK-EG,901,21,101,msan,30.85587000,31.53284000,0.00,11.00,15.00,30.00,789.00,56.00,696.00,-,-,-
08-2-25-950,SHOHDA-G01H-MNF-EG,3681,0,39,msan,30.59687000,30.90134000,0.00,162.00,16.00,184.00,3681.00,362.00,3207.00,1024; 2048,TEData; TEData,2
02-3-24-75,MADI1C75-M01N-C-EG,857,0,201,msan,29.97036000,31.25538000,1.00,38.00,36.00,96.00,571.00,171.00,348.00,-,-,-
05-3-14-28,ASFRCB28-M01H-ALX-EG,1778,0,223,msan,31.26087000,30.01092000,-,-,-,-,-,-,-,-,-,-
09-2-196-05,SHBSHDA5-M01H-KFS-EG,796,0,118,msan,31.09044000,30.74878000,0.00,11.00,8.00,79.00,796.00,98.00,670.00,-,-,-
08-3-212-951,THANUB-G02H-KB-EG,3491,0,18,msan,30.28229000,31.29314000,0.00,57.00,18.00,171.00,3491.00,246.00,3089.00,-,-,-
03-1-10-866,SHROUK2-G12H-C-EG,575,359,783,msan,30.09086000,31.69915000,-,-,-,-,-,-,-,-,-,-
10-1-207-05,MNMGHLK-M01H-MN-EG,588,0,18,msan,27.74559000,30.78901000,0.00,21.00,37.00,59.00,588.00,117.00,442.00,-,-,-
02-3-28-165,MAADI165-M01N-C-EG,606,100,380,msan,29.96930550,31.28371060,0.00,13.00,21.00,74.00,560.00,108.00,415.00,-,-,-
09-3-37-05,EDKOC5-M01H-BH-EG,818,20,100,msan,31.30243000,30.29745000,0.00,4.00,14.00,23.00,249.00,41.00,183.00,-,-,-
02-3-28-89,MAD2C89-M01H-C-EG,956,0,158,msan,29.99103000,31.27594000,0.00,53.00,23.00,94.00,890.00,170.00,667.00,-,-,-
01-2-08-291,HLPLS291-M01H-C-EG,1173,38,479,msan,31.32133000,30.11168000,0.00,39.00,59.00,129.00,873.00,227.00,450.00,-,-,-
02-1-05-952,NAWA-G02Z-C-EG,2524,17,77,msan,30.23753000,31.26738000,0.00,22.00,19.00,109.00,2524.00,150.00,2292.00,-,-,-
08-1-06-850,MAHALA2-G01Z-GH-EG,760,0,216,msan,31.14957000,30.96000000,0.00,11.00,61.00,22.00,760.00,94.00,638.00,-,-,-
03-1-01-25,HYKSTEB4-M01H-C-EG,867,41,461,msan,30.16116000,31.54620000,-,-,-,-,-,-,-,-,-,-
09-2-16-900,REYAD-M01H-KFS-EG,853,19,176,msan,31.23621000,30.94647000,0.00,8.00,35.00,44.00,853.00,87.00,721.00,2048; 2048; 4096; 4096; 4096; 4096; 8192; 12288; 34816; 34816; 34816; 34816; 51200,TEData; TEData; TEData; TEData; TEData; TEData; TEData; TEData; TEData; TEData; TEData; TEData; TEData,13
02-3-62-36,HDHLWN36-M01H-C-EG,999,104,356,msan,29.87686000,31.29180000,-,-,-,-,-,-,-,-,-,-
08-1-11-910,ESHCB3-M01H-GH-EG,1312,0,77,msan,30.80237000,31.05600000,0.00,36.00,11.00,47.00,765.00,94.00,615.00,2048; 34816,TEData; TEData,2
03-1-02-952,QATTAMIA-G04Z-C-EG,461,0,200,msan,31.41245000,29.98283000,-,-,-,-,-,-,-,-,-,-
03-3-25-214,SLMCT214-M01Z-C-EG,1524,0,58,msan,30.16291000,31.40959000,-,-,-,-,-,-,-,-,-,-
08-1-07-956,MAHALA3-G01H-GH-EG,1208,0,125,msan,30.95190000,31.16244000,0.00,28.00,27.00,45.00,1208.00,100.00,1049.00,-,-,-
13-1-01-75,ISMAIL75-M01H-IS-EG,756,0,140,msan,30.61426000,32.26596000,3.00,26.00,19.00,79.00,756.00,127.00,600.00,-,-,-
08-1-132-950,FERSIES-G01H-GH-EG,3711,0,41,msan,30.66826000,31.23742000,0.00,144.00,38.00,111.00,3711.00,293.00,2948.00,-,-,-
08-3-212-950,THANUB-G01H-KB-EG,5217,0,21,msan,30.28229000,31.29314000,0.00,209.00,25.00,118.00,5217.00,352.00,4596.00,-,-,-
07-2-17-03,NABROC3-M01H-DK-EG,1550,0,41,msan,31.13346000,31.31172000,0.00,9.00,8.00,53.00,590.00,70.00,485.00,-,-,-
09-2-08-120,KFRSH120-M01H-KFS-EG,1496,0,41,msan,31.06247000,30.91544000,0.00,15.00,22.00,153.00,1019.00,190.00,749.00,2048,EgyNt,1
07-2-05-03,ABDSHCB3-M01H-DK-EG,1709,0,22,msan,31.30083000,31.35501000,4.00,6.00,37.00,25.00,783.00,72.00,198.00,-,-,-
07-2-128-19,GAMALH19-M01H-DK-EG,862,0,61,msan,31.17120000,31.88225000,1.00,11.00,12.00,52.00,862.00,76.00,745.00,-,-,-
03-1-10-128,SHK2C128-M01H-C-EG,403,19,261,msan,30.11992000,31.64628000,-,-,-,-,-,-,-,-,-,-
03-1-01-32,SHRK1C32-M01H-C-EG,713,120,462,msan,30.16720000,31.57140000,-,-,-,-,-,-,-,-,-,-
08-1-61-22,BSHBSH22-M01H-GH-EG,1830,0,80,msan,31.11375000,31.19096000,85.00,13.00,13.00,11.00,956.00,122.00,741.00,-,-,-
04-3-37-215,HARMC215-M01H-GZ-EG,1487,0,61,msan,30.01006000,31.17190000,-,-,-,-,-,-,-,-,-,-
08-1-45-04,SHDCB4-M01H-GH-EG,927,0,2,msan,31.11180000,31.07073000,0.00,13.00,5.00,34.00,873.00,52.00,795.00,-,-,-
02-1-01-39,QNTRC39-M01H-C-EG,1000,0,140,msan,30.19738000,31.13598000,0.00,54.00,46.00,216.00,904.00,316.00,490.00,-,-,-
13-3-13-901,ZOHOUR-M02H-PTS-EG,566,0,40,msan,31.26441000,32.26935000,0.00,15.00,5.00,19.00,566.00,39.00,500.00,256; 4096; 4096; 4096; 4096; 4096; 4096; 4096; 4096; 4096; 4096; 4096; 4096; 4096; 4096; 4096; 4096; 4096; 4096; 6144; 6144; 6144; 6144; 6144; 6144; 8192; 8192; 12288; 18432; 20480; 20480; 20480; 20480; 20480; 20480; 20480; 20480; 20480; 20480; 20480; 34816; 34816; 34816; 34816; 34816; 34816; 34816; 34816; 34816; 34816; 34816; 34816; 34816; 34816; 51200; 51200; 51200; 51200,TECorporat; TEData; TEData; TEData; TEData; TEData; TEData; TEData; TEData; TEData; TEData; TEData; TEData; TEData; TEData; TEData; TEData; TEData; TEData; TEData; TEData; TEData; TEData; TEData; TEData; TEData; TEData; TEData; TEData; TEData; TEData; TEData; TEData; TEData; TEData; TEData; TEData; TEData; TEData; TEData; TEData; TEData; TEData; TEData; TEData; TEData; TEData; TEData; TEData; TEData; TEData; TEData; TEData; TEData; TEData; TEData; TEData; TEData,58
01-2-10-901,AMIRIAH-M01H-C-EG,1740,160,325,msan,31.29523000,30.10984000,2.00,58.00,46.00,134.00,1740.00,240.00,1308.00,2048; 2048; 2048; 4096; 4096; 4096; 4096; 4096; 4096; 4096; 4096; 4096; 4096; 4096; 4096; 6144; 6144; 8192; 8192; 8192; 9216; 10240; 12288; 12288; 16384; 16384; 20480; 20480; 30720; 34816; 34816; 34816; 34816; 34816; 51200; 102400; 102400; 102400; 102400; 102400; 102400; 102400; 126976; 153600; 153600; 307200; 1048576,NOL; TEData; TEData; TEData; TEData; TEData; TEData; TEData; TEData; TEData; TEData; TEData; TEData; TEData; TEData; TEData; TEData; TEData; TEData; TEData; TEData; TEData; TEData; TEData; TEData; TEData; TEData; TEData; TEData; TEData; TEData; TEData; TEData; TEData; TEData; TEData; TEData; TEData; TEData; TEData; TEData; TEData; TEData; TEICN; TEICN; Vodafon; Vodafon,47
07-2-655-950,RSKHBLD-G01Z-DK-EG,4458,0,100,msan,31.24974000,31.24974000,0.00,8.00,6.00,26.00,4458.00,40.00,4179.00,512; 2048; 51200,TECorporat; TEData; TEData,3
07-2-655-951,RSKHBLD-G02Z-DK-EG,3267,0,21,msan,31.24974000,31.24974000,0.00,43.00,36.00,103.00,3267.00,182.00,2993.00,2048,TEData,1
08-3-212-952,THANUB-G01Z-KB-EG,4298,0,81,msan,30.28208000,31.29307000,0.00,159.00,15.00,312.00,4298.00,486.00,3638.00,1024,TEData,1
07-2-11-949,DKERNES-G02Z-DK-EG,2424,0,119,msan,31.59473740,31.09082200,0.00,16.00,4.00,44.00,2424.00,64.00,2344.00,-,-,-
03-1-28-858,SHLMSTMN-G14Z-C-EG,913,81,162,msan,30.00757630,31.31335190,-,-,-,-,-,-,-,-,-,-
07-1-674-02,TNAMLC02-M01H-DK-EG,848,42,142,msan,30.83528000,31.26448000,0.00,24.00,247.00,33.00,720.00,304.00,396.00,-,-,-
07-2-15-950,SHERBIN-G01Z-DK-EG,2012,0,43,msan,31.19345000,31.52017000,0.00,22.00,15.00,83.00,2012.00,120.00,1679.00,-,-,-
10-1-02-952,MINYA-G01H-MN-EG,881,0,100,msan,28.09798000,30.75416000,0.00,4.00,1.00,13.00,881.00,18.00,844.00,-,-,-
08-2-47-850,SBKAHD-G01H-MNF-EG,1272,0,100,msan,30.21248000,31.30109000,0.00,20.00,29.00,63.00,1272.00,112.00,1112.00,-,-,-
09-1-01-852,DMNHRE1-G03H-BH-EG,1621,0,100,msan,31.02879000,30.48941000,0.00,14.00,13.00,51.00,1621.00,78.00,1486.00,-,-,-
08-1-66-852,SHBRMLS-G04H-GH-EG,4634,0,59,msan,30.97028000,31.16823000,62.00,148.00,349.00,206.00,4634.00,765.00,3340.00,-,-,-
07-1-613-949,BEDWAY-G02H-DK-EG,1340,0,60,msan,0.00000000,0.00000000,0.00,24.00,6.00,65.00,1340.00,95.00,1171.00,-,-,-
09-3-37-29,EDKOUC29-M01Z-BH-EG,386,0,17,msan,31.30906000,30.30600000,0.00,19.00,68.00,37.00,386.00,124.00,241.00,-,-,-
09-2-258-950,BRMBAL-G01Z-KFS-EG,3072,0,82,msan,31.34602000,30.50880000,0.00,5.00,18.00,7.00,3072.00,30.00,2865.00,-,-,-
07-2-136-40,DEMRAH40-M01H-DK-EG,1619,0,100,msan,31.10692000,31.36225000,0.00,33.00,27.00,73.00,756.00,133.00,596.00,-,-,-
07-5-339-07,RODADTC7-M01H-DT-EG,1614,0,59,msan,31.32606000,31.75948000,0.00,14.00,8.00,181.00,1023.00,203.00,759.00,-,-,-
01-1-05-01,N4MNT9C1-M01H-C-EG,1327,0,164,msan,30.04905000,31.36534000,0.00,13.00,14.00,34.00,499.00,61.00,336.00,1024; 2048,NOL; OrangData,2
10-3-29-22,MOSKFC22-M01H-FYM-EG,1629,0,78,msan,29.33108000,30.84258000,0.00,17.00,31.00,56.00,746.00,104.00,604.00,-,-,-
02-3-28-53,MADI2C53-M01H-C-EG,1395,0,419,msan,29.96250000,31.30434000,0.00,28.00,13.00,72.00,562.00,113.00,402.00,-,-,-
01-1-04-58,NASR3C58-M01H-C-EG,1609,41,222,msan,30.05183000,31.39845000,0.00,17.00,8.00,41.00,730.00,66.00,565.00,-,-,-
10-1-06-12,SMLTCB12-M01H-MN-EG,979,0,61,msan,28.30289000,30.71585000,0.00,13.00,3.00,35.00,397.00,51.00,312.00,512; 1024; 1024,OrangData; TEData; TEData,3
04-4-33-39,ZHRFRC39-M01H-C-EG,1411,0,81,msan,29.94827000,31.05357000,-,-,-,-,-,-,-,1024; 2048; 4096; 4096; 8192; 12288,NOOR; TEData; TEData; TEData; TEData; TEData,6
04-3-24-08,MRHR630-M01H-C-EG,847,0,242,msan,30.00998000,31.15834000,-,-,-,-,-,-,-,-,-,-
13-1-98-10,ABKHLF10-M01H-IS-EG,192,0,41,msan,30.85242000,32.31030000,1.00,1.00,0.00,8.00,192.00,10.00,177.00,2048,TEData,1
07-5-40-851,KFRSAAD-G02H-DT-EG,3399,0,59,msan,31.38996000,31.68556000,0.00,80.00,31.00,175.00,3399.00,286.00,3018.00,2048,TEData,1
07-4-22-19,ABHMDC19-M01Z-SHR-EG,613,124,303,msan,30.50101000,31.65502000,0.00,9.00,10.00,76.00,613.00,95.00,492.00,-,-,-
07-2-281-952,KFATRSH-G02H-DK-EG,1673,0,57,msan,31.30415000,31.51141000,0.00,16.00,3.00,52.00,1673.00,71.00,1578.00,512; 512; 1024; 2048; 2048; 4096; 4096; 20480,TEData; TEData; TEData; TEData; TEData; TEData; TEData; TEData,8
04-4-26-176,OCTOC176-M01Z-GZ-EG,467,0,18,msan,30.00067000,30.97670000,-,-,-,-,-,-,-,-,-,-
02-1-08-156,SBKMC156-M01H-C-EG,1561,0,160,msan,30.12790000,31.27054000,0.00,89.00,88.00,147.00,1020.00,324.00,624.00,-,-,-
08-1-06-130,MHL2C130-M01Z-GH-EG,749,0,140,msan,30.98090000,31.15932000,0.00,22.00,96.00,92.00,749.00,210.00,492.00,-,-,-
09-2-185-10,DMRHDY10-M01H-KFS-EG,447,0,23,msan,31.34395000,30.80481000,0.00,6.00,6.00,93.00,447.00,105.00,327.00,-,-,-
08-1-140-01,MTASSCB1-M01H-GH-EG,1074,0,23,msan,31.00130000,31.26729000,0.00,3.00,20.00,7.00,285.00,30.00,206.00,-,-,-
05-2-07-951,AWAYED-G02Z-ALX-EG,1344,105,242,msan,31.22872000,29.99042000,-,-,-,-,-,-,-,2048,TEData,1
03-1-03-507,RETJCBN-M01H-C-EG,332,0,40,msan,30.01955000,31.48359000,-,-,-,-,-,-,-,-,-,-
08-1-02-06,METHBSHC-M01H-GH-EG,1622,0,63,msan,30.75093000,31.02485000,0.00,16.00,10.00,24.00,825.00,50.00,711.00,-,-,-
09-3-97-22,SIDIGZ22-M01H-BH-EG,208,0,104,msan,31.06447000,30.08555000,0.00,1.00,3.00,6.00,208.00,10.00,193.00,-,-,-
07-3-19-26,ZGZWCB26-M01H-SHR-EG,898,0,101,msan,30.59775000,31.50896000,3.00,57.00,22.00,103.00,711.00,185.00,465.00,-,-,-
04-2-84-78,SFTLBN78-M01Z-GZ-EG,888,0,266,msan,30.01837000,31.18873000,-,-,-,-,-,-,-,-,-,-
08-3-31-957,SHBQNTR-G03Z-KB-EG,4348,0,24,msan,30.31319000,31.31822000,0.00,137.00,24.00,256.00,4348.00,417.00,3755.00,1024,TEData,1
11-2-12-851,SYUTW-G02Z-AST-EG,1283,0,264,msan,31.44755280,31.69486770,0.00,1.00,0.00,2.00,1283.00,3.00,1216.00,4096; 6144; 204800,TEData; TEData; TEData,3
07-3-331-915,ZGZIGE-G01Z-SHR-EG,1587,0,62,msan,31.51284090,30.57629850,0.00,53.00,49.00,105.00,1587.00,207.00,1353.00,-,-,-
10-2-20-850,TNSABNIM-G01H-BNS-EG,752,0,23,msan,28.97416000,30.99661000,0.00,4.00,1.00,26.00,752.00,31.00,694.00,-,-,-
03-1-01-12,SHRK1C12-M01H-C-EG,861,60,219,msan,30.17497000,31.63704000,-,-,-,-,-,-,-,-,-,-
09-1-01-950,DMNHRE1-G01H-BH-EG,3234,0,59,msan,31.03850000,30.46948000,0.00,28.00,23.00,83.00,3234.00,134.00,2958.00,-,-,-
07-5-114-20,SERROC20-M01H-DT-EG,1536,0,38,msan,31.25221000,31.67613000,0.00,9.00,5.00,17.00,768.00,31.00,707.00,5120,TECorporat,1
01-1-01-13,MNSNGBKH-M01H-C-EG,759,105,403,msan,30.05444000,31.29399000,0.00,8.00,4.00,36.00,647.00,48.00,530.00,1024,TEData,1
08-1-18-950,ZEFTAH-G01Z-GH-EG,5207,0,20,msan,30.71334000,31.24276000,4.00,186.00,205.00,373.00,5207.00,768.00,4053.00,-,-,-
02-1-05-951,NAWA-G01Z-C-EG,4415,20,183,msan,30.23753000,31.26738000,0.00,46.00,46.00,181.00,4415.00,273.00,3904.00,2048,TEData,1
05-2-10-21,SMOHCB21-M01H-ALX-EG,1304,0,161,msan,31.19997000,29.92818000,-,-,-,-,-,-,-,20480,TEData,1
03-1-07-951,REHAB-G01H-C-EG,2533,0,82,msan,30.00757630,31.31335190,-,-,-,-,-,-,-,-,-,-
03-1-01-29,HYKSTEB8-M01H-C-EG,821,0,182,msan,30.16007000,31.54783000,-,-,-,-,-,-,-,-,-,-
01-1-01-41,MNSHNC41-M01H-C-EG,1512,0,79,msan,30.04187000,31.28098000,0.00,24.00,17.00,63.00,698.00,104.00,536.00,-,-,-
07-5-235-02,EZBORCA2-M01H-DT-EG,1584,0,60,msan,31.50617000,31.84313000,0.00,24.00,164.00,22.00,628.00,210.00,387.00,-,-,-
02-3-28-40,MADI2C40-M01H-C-EG,713,0,119,msan,29.96443000,31.31052000,0.00,14.00,11.00,36.00,259.00,61.00,175.00,1024; 4096,TEData; TEData,2
07-4-24-951,HSINIA-G03H-SHR-EG,2347,0,40,msan,30.85565000,31.91677000,0.00,4.00,115.00,25.00,2347.00,144.00,2146.00,512; 4096,TEData; TEData,2
07-2-09-37,BELQSC37-M01H-DK-EG,773,0,18,msan,31.21842000,31.37047000,2.00,67.00,81.00,61.00,773.00,211.00,503.00,-,-,-
01-1-01-24,MNSHNC24-M01H-C-EG,1070,0,119,msan,30.03943000,31.28698000,0.00,13.00,5.00,39.00,565.00,57.00,370.00,-,-,-
02-3-24-32,MADI1C32-M01H-C-EG,758,0,99,msan,29.96805000,31.26283000,0.00,33.00,40.00,108.00,758.00,181.00,510.00,-,-,-
07-1-12-24,MNSGCB24-M01H-DK-EG,1344,0,40,msan,31.00389000,31.38472000,0.00,21.00,430.00,24.00,900.00,475.00,377.00,-,-,-
03-1-10-125,SHROK125-M01H-C-EG,791,0,59,msan,30.16755000,31.64657000,-,-,-,-,-,-,-,-,-,-
02-3-28-20,MAD2CB20-M01H-C-EG,1159,0,117,msan,29.98152000,31.32388000,0.00,12.00,22.00,71.00,546.00,105.00,387.00,10240; 20480,TEData; TEData,2
01-1-01-02,MTN9C12-M01H-C-EG,1309,0,37,msan,30.03622000,31.27055000,0.00,10.00,10.00,20.00,389.00,40.00,308.00,-,-,-
05-2-08-32,AWYDCB12-M01H-ALX-EG,1998,0,39,msan,31.22082000,30.00204000,-,-,-,-,-,-,-,-,-,-
04-4-26-106,OCT1C106-M01H-GZ-EG,1204,0,78,msan,29.95691000,30.93928000,-,-,-,-,-,-,-,-,-,-
07-5-117-12,DMTGCB12-M01H-DT-EG,674,0,101,msan,31.44126000,31.65386000,0.00,6.00,19.00,41.00,674.00,66.00,565.00,-,-,-
14-2-25-01,SFEZTVCB-M01H-BA-EG,1811,0,78,msan,26.76128000,33.94000000,0.00,20.00,9.00,13.00,864.00,42.00,777.00,-,-,-
14-2-24-33,RSGHCB33-M01H-BA-EG,306,0,59,msan,28.35915000,33.07737000,0.00,5.00,12.00,30.00,306.00,47.00,247.00,-,-,-
04-2-94-05,MANWTC5-M01H-GZ-EG,755,0,18,msan,29.92573000,31.24671000,0.00,41.00,37.00,157.00,755.00,235.00,458.00,-,-,-
07-5-35-15,DOMITT15-M01H-DT-EG,1774,0,1,msan,31.42073000,31.79453000,0.00,47.00,70.00,101.00,959.00,218.00,695.00,-,-,-
04-4-26-903,RYHANA-G02Z-C-EG,1245,0,78,msan,29.97374000,30.95507000,-,-,-,-,-,-,-,-,-,-
05-2-10-103,SMOHC103-M01Z-ALX-EG,568,0,40,msan,31.21092000,29.94099000,-,-,-,-,-,-,-,2048,OrangData,1
02-3-27-142,DSLMC142-M01H-C-EG,879,0,118,msan,29.96970000,31.25975000,0.00,39.00,20.00,105.00,879.00,164.00,641.00,-,-,-
07-4-24-850,HSINIA-G01Z-SHR-EG,4246,44,202,msan,30.83791000,31.95312000,0.00,12.00,99.00,122.00,4246.00,233.00,3818.00,512; 2048; 4096,TEData; TEData; TEData,3
13-3-11-800,PTSAID-G01Z-PTS-EG,1224,0,137,msan,31.44755280,31.69486770,0.00,51.00,5.00,30.00,1224.00,86.00,1115.00,-,-,-
07-2-06-905,TALKHA-G01Z-DK-EG,1528,0,40,msan,31.05322100,31.39061900,1.00,67.00,48.00,120.00,1528.00,236.00,1195.00,-,-,-
08-1-05-29,MAHALC29-M01Z-GH-EG,326,0,138,msan,30.97457000,31.19570000,0.00,15.00,50.00,38.00,326.00,103.00,176.00,-,-,-
04-1-01-48,BLKCB48-M01H-GZ-EG,1584,0,41,msan,30.02647000,31.18710000,-,-,-,-,-,-,-,-,-,-
08-2-20-26,SHBNKW26-M01H-MNF-EG,781,0,60,msan,30.56491000,31.01420000,0.00,18.00,9.00,49.00,742.00,76.00,633.00,-,-,-
04-1-01-37,BOLQCB37-M01H-GZ-EG,1465,0,22,msan,30.05361000,31.18733000,-,-,-,-,-,-,-,-,-,-
08-1-02-13,TNT2CB13-M01H-GH-EG,1790,0,22,msan,30.79268000,30.98137000,0.00,41.00,14.00,75.00,917.00,130.00,630.00,-,-,-
04-1-01-13,BOLACB13-M01H-GZ-EG,1538,0,60,msan,30.05006000,31.15784000,-,-,-,-,-,-,-,-,-,-
02-3-26-23,MDI3CB23-M01N-C-EG,864,0,81,msan,29.97536000,31.23716000,0.00,39.00,17.00,64.00,576.00,120.00,398.00,-,-,-
02-1-01-81,QNATRC81-M01Z-C-EG,849,0,18,msan,30.15736000,31.18924000,0.00,26.00,38.00,171.00,849.00,235.00,558.00,-,-,-
04-3-37-65,HARAMC65-M01H-GZ-EG,1832,0,61,msan,30.01043000,31.19040000,-,-,-,-,-,-,-,2048; 5120,NOL; TEData,2
09-3-20-22,MHMDH22-M01H-BH-EG,868,0,60,msan,31.18694000,30.52416000,0.00,20.00,68.00,25.00,868.00,113.00,718.00,-,-,-
02-1-10-37,BAHTMC37-M01H-GZ-EG,1582,0,20,msan,30.15187000,31.27916000,1.00,80.00,86.00,159.00,1023.00,326.00,638.00,-,-,-
07-3-19-111,ZIZGW111-M01H-SHR-EG,1545,0,20,msan,30.59886000,31.51501000,3.00,73.00,60.00,125.00,1024.00,261.00,693.00,-,-,-
05-2-08-01,AW2EXP1-M01H-ALX-EG,1686,0,20,msan,31.24588000,30.00399000,-,-,-,-,-,-,-,-,-,-
02-1-08-94,SHBKC94-M01H-C-EG,1694,0,38,msan,30.13251000,31.26758000,1.00,71.00,115.00,168.00,1018.00,355.00,587.00,-,-,-
07-3-19-93,ZGZGW93-M01H-SHR-EG,741,0,38,msan,30.60133000,31.50474000,35.00,39.00,33.00,99.00,741.00,206.00,491.00,-,-,-
07-2-346-26,MANZC26-M01Z-DK-EG,792,0,60,msan,31.15949000,31.93969000,0.00,26.00,9.00,38.00,792.00,73.00,674.00,-,-,-
07-2-06-08,TALKHAC8-M01H-DK-EG,1647,0,38,msan,31.05811000,31.37971000,1.00,48.00,40.00,102.00,839.00,191.00,591.00,-,-,-
01-1-04-47,NASR3C47-M01H-C-EG,1488,0,141,msan,30.05426000,31.39779000,0.00,9.00,7.00,61.00,834.00,77.00,675.00,-,-,-
10-1-02-17,MNYACB17-M01H-MN-EG,1099,0,38,msan,28.12549000,30.74615000,0.00,17.00,9.00,69.00,851.00,95.00,654.00,-,-,-
04-2-84-07,SFTLBNC7-M01H-GZ-EG,1434,0,60,msan,30.02176000,31.18835000,-,-,-,-,-,-,-,-,-,-
02-1-08-147,SHKMA147-M01H-C-EG,1717,0,59,msan,30.12353000,31.27338000,2.00,51.00,67.00,196.00,1024.00,316.00,616.00,4096; 4096,OrangData; Vodafon,2
08-1-01-42,TNTA1C42-M01H-GH-EG,1542,0,60,msan,30.79335000,31.00835000,4.00,38.00,24.00,125.00,734.00,191.00,514.00,256; 5120,NOOR; OrangData,2
03-1-07-149,REHAB149-M01H-C-EG,486,0,19,msan,30.06305000,31.51438000,-,-,-,-,-,-,-,-,-,-
01-1-02-850,NASR1-G04H-C-EG,1870,0,322,msan,30.05171000,31.33060000,4.00,52.00,67.00,202.00,1870.00,325.00,1320.00,512; 1024; 1024; 2048,TEData; TEData; TEData; TEData,4
02-1-04-48,QALUBC48-M01N-C-EG,785,0,19,msan,30.18021000,31.23029000,0.00,17.00,10.00,102.00,570.00,129.00,406.00,-,-,-
07-1-03-74,MNSORA74-M01Z-DK-EG,759,0,59,msan,31.04820000,31.40781000,1.00,31.00,33.00,42.00,759.00,107.00,599.00,-,-,-
11-2-11-852,ASYUTE-G03Z-AST-EG,2905,0,19,msan,27.19756000,31.18030000,0.00,46.00,23.00,180.00,2905.00,249.00,2545.00,-,-,-
08-1-01-31,TNT1CB31-M01H-GH-EG,1324,0,19,msan,30.79787000,31.00665000,1.00,32.00,21.00,90.00,941.00,144.00,727.00,2048,NOL,1
01-2-09-952,ASHAMS-G01H-C-EG,755,0,19,msan,30.13242470,31.32363150,0.00,9.00,18.00,41.00,755.00,68.00,672.00,-,-,-
04-2-84-105,SFTLB105-M01Z-GZ-EG,936,19,38,msan,30.01476000,31.17842000,-,-,-,-,-,-,-,-,-,-
03-1-03-95,GNBMST95-M01Z-C-EG,536,0,19,msan,30.00701000,31.46261000,-,-,-,-,-,-,-,-,-,-
04-4-33-860,SUKGMLA-G07Z-GZ-EG,1092,0,38,msan,29.90672000,31.05290000,-,-,-,-,-,-,-,-,-,-
04-4-26-22,OCT1CB22-M01H-GZ-EG,1275,0,39,msan,29.96931000,30.95196000,-,-,-,-,-,-,-,-,-,-
01-1-01-42,MNSHNC42-M01H-C-EG,1590,0,41,msan,30.04505000,31.27969000,0.00,17.00,18.00,55.00,886.00,90.00,698.00,-,-,-
04-4-33-58,ZOHOUR58-M01H-GZ-EG,539,0,19,msan,29.93211000,31.04964000,-,-,-,-,-,-,-,-,-,-
03-1-10-86,SHRK2C86-M01H-C-EG,501,0,177,msan,30.13974000,31.64462000,-,-,-,-,-,-,-,-,-,-
04-4-29-957,SHZAYED-G08H-GZ-EG,1096,0,59,msan,30.03321000,31.00179000,-,-,-,-,-,-,-,2048; 2048; 8192; 8192; 8192; 12288; 12288; 16384; 24576; 30720; 34816; 51200; 51200; 51200; 204800; 204800; 307200; 307200; 512000; 512000; 512000; 1048576; 1048576; 1048576; 1048576; 1048576,NOL; NOL; NOL; TEData; TEData; TEData; TEData; TEData; TEData; TEData; TEData; TEData; TEData; TEData; TEData; TEData; TEData; TEData; TEData; Vodafon; Vodafon; Vodafon; Vodafon; Vodafon; Vodafon; Vodafon,26
03-2-13-107,NZH2C107-M01Z-C-EG,703,0,19,msan,30.12758000,31.37754000,-,-,-,-,-,-,-,-,-,-
03-1-07-151,REHAB151-M01H-C-EG,524,0,18,msan,30.06680000,31.51330000,-,-,-,-,-,-,-,-,-,-
10-1-57-05,ABA5-M01Z-MN-EG,414,0,62,msan,28.57144000,30.82802000,0.00,70.00,7.00,15.00,414.00,92.00,302.00,-,-,-
07-3-212-15,METHBIB-M01H-SHR-EG,679,200,221,mx,30.45252000,31.51548000,0.00,0.00,1.00,4.00,103.00,5.00,90.00,-,-,-
07-3-212-01,SANDANH1-M01H-SHR-EG,330,200,221,mx,30.49843000,31.49573000,0.00,4.00,19.00,32.00,330.00,55.00,248.00,-,-,-
07-3-212-02,SANDANH2-M01H-SHR-EG,87,200,221,mx,30.46664000,31.50078000,0.00,0.00,1.00,7.00,87.00,8.00,71.00,-,-,-
07-3-212-03,SANDANH3-M01H-SHR-EG,194,200,221,mx,30.46857000,31.49101000,0.00,3.00,11.00,34.00,194.00,48.00,141.00,-,-,-
07-3-212-905,SNDNHCB5-M01H-SHR-EG,636,200,221,mx,30.47394000,31.50303000,0.00,3.00,9.00,32.00,197.00,44.00,136.00,34816,TEData,1
07-3-212-10,SNDNHR10-M01H-SHR-EG,57,200,221,mx,30.44850000,31.52341000,0.00,2.00,2.00,8.00,57.00,12.00,38.00,-,-,-
07-3-212-04,SANDANH4-M01H-SHR-EG,245,200,221,mx,30.47672000,31.50500000,0.00,3.00,6.00,33.00,245.00,42.00,187.00,2048,TEData,1
03-1-30-956,MDENTY-G01H-C-EG,3715,142,201,mx,30.08374000,31.64169000,-,-,-,-,-,-,-,-,-,-
03-1-30-957,MDENTY-G04H-C-EG,2028,142,201,mx,30.08374000,31.64169000,-,-,-,-,-,-,-,20480,TEData,1
03-1-30-856,MDENTY-G05H-C-EG,5376,142,201,mx,30.09635000,31.63546000,-,-,-,-,-,-,-,-,-,-
03-1-30-857,MDENTY-G06H-C-EG,2786,142,201,mx,30.10000000,31.64413000,-,-,-,-,-,-,-,-,-,-
03-1-30-864,MDENTY-G07H-C-EG,1842,142,201,mx,30.08021000,31.65282000,-,-,-,-,-,-,-,-,-,-
03-1-30-858,MDENTY-G08H-C-EG,3002,142,201,mx,30.07970000,31.65281000,-,-,-,-,-,-,-,512,TEData,1
03-1-30-862,MDENTY-G13H-C-EG,688,142,201,mx,30.08325000,31.64846000,-,-,-,-,-,-,-,-,-,-
03-1-30-863,MDENTY-G14H-C-EG,1198,142,201,mx,30.08491000,31.64912000,-,-,-,-,-,-,-,-,-,-
03-1-30-900,MDENTYGP-G01H-C-EG,1818,142,201,mx,30.08374000,31.64169000,-,-,-,-,-,-,-,2048; 2048; 2048; 2048; 2048; 4096; 4096; 4096; 4096; 10240; 12288; 12288; 12288; 16384; 16384; 16384; 20480; 24576; 24576; 30720; 34816; 51200; 51200; 51200; 51200; 102400; 102400; 409600; 512000; 512000,NOL; TEData; TEData; TEData; TEData; TEData; TEData; TEData; TEData; TEData; TEData; TEData; TEData; TEData; TEData; TEData; TEData; TEData; TEData; TEData; TEData; TEData; TEData; TEData; TEData; TEData; TEData; TEData; TEData; TEData,30
03-1-30-902,MDENTYGP-G02H-C-EG,2943,142,201,mx,30.08374000,31.64169000,-,-,-,-,-,-,-,256; 2048; 2048; 2048; 4096; 12288; 24576; 51200; 51200; 51200; 51200; 102400; 204800; 512000,TEData; TEData; TEData; TEData; TEData; TEData; TEData; TEData; TEData; TEData; TEData; TEData; TEData; TEData,14
03-1-30-901,MDTCB372-M01H-C-EG,2936,142,201,mx,30.08314000,31.64212000,-,-,-,-,-,-,-,-,-,-
03-1-30-861,MDENTY-G12H-C-EG,3961,142,201,mx,30.08716000,31.64469000,-,-,-,-,-,-,-,-,-,-
09-3-31-02,ADFNC2-M01H-BH-EG,618,1,162,cascaded,31.26625000,30.51130000,0.00,5.00,13.00,17.00,618.00,35.00,550.00,-,-,-
03-1-03-508,RETJCBN-M02H-C-EG,297,0,40,cascaded,30.01955000,31.48359000,-,-,-,-,-,-,-,-,-,-
14-2-24-27,RSGHCB27-M01H-BA-EG,196,0,59,cascaded,28.35756000,33.07522000,0.00,5.00,5.00,24.00,196.00,34.00,146.00,-,-,-
Total,221,314363,-,-,-,-,-,-,-,-,-,-,-,-,-,-